UF,Cidade,Índice
SC,Aguas Frias,"10,00"
PB,Alagoa Grande,"10,00"
ES,Alfredo Chaves,"10,00"
SP,Altinópolis,"10,00"
SP,Américo de Campos,"10,00"
RJ,Angra dos Reis,"10,00"
BA,Antas,"10,00"
SC,Apiúna,"10,00"
CE,Barreira,"10,00"
SP,Batatais,"10,00"
MG,Belo Horizonte²,"10,00"
SC,Bom Jesus do Oeste,"10,00"
MG,Botelhos,"10,00"
SC,Botuverá,"10,00"
DF,Brasília²,"10,00"
RO,Cacaulândia,"10,00"
MG,Capim Branco,"10,00"
ES,Cariacica,"10,00"
PR,Clevelândia,"10,00"
ES,Conceição da Barra,"10,00"
MT,Cuiabá²,"10,00"
PR,Curitiba²,"10,00"
SE,Estância,"10,00"
CE,Fortaleza²,"10,00"
MG,Gonçalves,"10,00"
SC,Guabiruba,"10,00"
BA,Guanambi,"10,00"
SC,Ilhota,"10,00"
SC,Imbuia,"10,00"
MS,Inocência,"10,00"
BA,Itabuna,"10,00"
BA,Itapitanga,"10,00"
MS,Jateí,"10,00"
RO,Ji-Paraná,"10,00"
SC,Joaçaba,"10,00"
MS,Ladário,"10,00"
SC,Laurentino,"10,00"
SC,Luzerna,"10,00"
RJ,Macaé,"10,00"
AL,Maceió²,"10,00"
PB,Marcação,"10,00"
SC,Marema,"10,00"
BA,Matina,"10,00"
PB,Monte Horebe,"10,00"
RJ,Niterói,"10,00"
MS,Nova Andradina,"10,00"
SC,Palmitos,"10,00"
SC,Papanduva,"10,00"
MS,Paranaíba,"10,00"
BA,Paripiranga,"10,00"
SC,Ponte Alta,"10,00"
SC,Presidente Castello Branco,"10,00"
SC,Presidente Getúlio,"10,00"
SC,Presidente Nereu,"10,00"
SC,Quilombo,"10,00"
CE,Quixeramobim,"10,00"
PE,Recife²,"10,00"
RJ,Resende,"10,00"
AC,Rio Branco²,"10,00"
MG,Rio do Prado,"10,00"
SC,Rio dos Cedros,"10,00"
RS,Rolante,"10,00"
MA,São Luís²,"10,00"
SP,São Paulo²,"10,00"
RJ,São Pedro da Aldeia,"10,00"
PE,São Vicente Ferrer,"10,00"
PE,Serra Talhada,"10,00"
RS,Taquari,"10,00"
SP,Tietê,"10,00"
RS,Tio Hugo,"10,00"
RJ,Valença,"10,00"
SC,Vargeão,"10,00"
PB,Várzea,"10,00"
SC,Vidal Ramos,"10,00"
SC,Vitor Meireles,"10,00"
ES,Vitória²,"10,00"
MT,Agua Boa,"9,72"
SC,Agua Doce,"9,72"
PB,Alhandra,"9,72"
SC,Benedito Novo,"9,72"
MG,Bicas,"9,72"
SC,Blumenau,"9,72"
PB,Cajazeiras,"9,72"
RS,Canoas,"9,72"
MS,Corumbá,"9,72"
PB,Dona Inês,"9,72"
BA,Jaguaripe,"9,72"
ES,Laranja da Terra,"9,72"
RJ,Nova Iguaçu,"9,72"
PB,Pedro Régis,"9,72"
RO,Porto Velho²,"9,72"
ES,Presidente Kennedy,"9,72"
SC,Santa Rosa de Lima,"9,72"
TO,Santa Rosa do Tocantins,"9,72"
ES,Santa Teresa,"9,72"
SP,Vinhedo,"9,72"
SC,Zortéa,"9,72"
PB,Araçagi,"9,58"
SC,Ascurra,"9,58"
RR,Boa Vista²,"9,58"
PE,Brejão,"9,58"
PE,Caetés,"9,58"
MG,Campanha,"9,58"
RS,Campestre da Serra,"9,58"
SC,Celso Ramos,"9,58"
MS,Dois Irmãos do Buriti,"9,58"
SC,Fraiburgo,"9,58"
SC,Gaspar,"9,58"
SC,Ibicaré,"9,58"
SC,Ipumirim,"9,58"
SC,Iraceminha,"9,58"
PE,Lagoa do Ouro,"9,58"
SP,Limeira,"9,58"
PR,Mamborê,"9,58"
ES,Marilândia,"9,58"
SC,Meleiro,"9,58"
SC,Mirim Doce,"9,58"
MS,Naviraí,"9,58"
PB,Nazarezinho,"9,58"
RS,Nicolau Vergueiro,"9,58"
SE,Nossa Senhora das Dores,"9,58"
SC,Paraíso,"9,58"
PB,Pedra Branca,"9,58"
SC,Ponte Alta do Norte,"9,58"
MS,Rio Brilhante,"9,58"
SC,Rio Negrinho,"9,58"
SC,Saltinho,"9,58"
SC,Salto Veloso,"9,58"
PB,São Francisco,"9,58"
SC,São João do Itaperiú,"9,58"
SC,São João do Oeste,"9,58"
SC,São Lourenço do Oeste,"9,58"
PB,São Mamede,"9,58"
SC,São Miguel da Boa Vista,"9,58"
RS,São Pedro do Sul,"9,58"
RS,São Sepé,"9,58"
PB,Taperoá,"9,58"
SC,Timbó,"9,58"
RS,Três Coroas,"9,58"
SC,Tunápolis,"9,58"
PE,Tuparetama,"9,58"
PB,Uiraúna,"9,58"
MT,Vale de São Domingos,"9,58"
MG,Varginha,"9,58"
SC,Videira,"9,58"
RS,Vila Lângaro,"9,58"
SP,Votuporanga,"9,58"
ES,Afonso Cláudio,"9,44"
ES,Brejetuba,"9,44"
PB,Frei Martinho,"9,44"
PR,Mariópolis,"9,44"
TO,Nova Rosalândia,"9,44"
PB,Santa Cruz,"9,44"
PR,Três Barras do Paraná,"9,44"
MG,Viçosa,"9,44"
MS,Aparecida do Taboado,"9,30"
MT,Araguainha,"9,30"
MT,Aripuanã,"9,30"
RS,Boa Vista das Missões,"9,30"
PB,Cachoeira dos Índios,"9,30"
RS,Camargo,"9,30"
PB,Jacaraú,"9,30"
RS,Jóia,"9,30"
SC,Maravilha,"9,30"
SC,Navegantes,"9,30"
SP,Orindiúva,"9,30"
PB,Pilar,"9,30"
SC,Pinhalzinho,"9,30"
PB,Pombal,"9,30"
PB,Riachão,"9,30"
PB,São João do Cariri,"9,30"
MG,São José do Alegre,"9,30"
PB,Serraria,"9,30"
SP,Tejupá,"9,30"
PR,Toledo,"9,30"
RS,Travesseiro,"9,30"
SC,Urussanga,"9,30"
RJ,Volta Redonda,"9,30"
SC,Antônio Carlos,"9,16"
MG,Bom Despacho,"9,16"
PR,Bom Sucesso do Sul,"9,16"
SC,Caçador,"9,16"
BA,Carinhanha,"9,16"
RS,Centenário,"9,16"
MG,Contagem,"9,16"
SC,Galvão,"9,16"
PB,João Pessoa²,"9,16"
SC,José Boiteux,"9,16"
SP,Lençóis Paulista,"9,16"
PR,Mercedes,"9,16"
CE,Meruoca,"9,16"
RJ,Petrópolis,"9,16"
SC,São Joaquim,"9,16"
ES,Serra,"9,16"
SC,Serra Alta,"9,16"
CE,Tauá,"9,16"
ES,Viana,"9,16"
RN,Acari,"9,02"
PR,Arapoti,"9,02"
ES,Boa Esperança,"9,02"
SC,Bombinhas,"9,02"
SC,Irani,"9,02"
SC,Pomerode,"9,02"
RS,Porto Xavier,"9,02"
ES,Santa Leopoldina,"9,02"
RS,Santo Expedito do Sul,"9,02"
RS,São Paulo das Missões,"9,02"
TO,Sucupira,"9,02"
PE,Triunfo,"9,02"
SP,Barueri,"8,88"
PB,Mari,"8,88"
SC,Alfredo Wagner,"8,75"
RO,Ariquemes,"8,75"
SP,Bastos,"8,75"
MS,Brasilândia,"8,75"
PB,Camalaú,"8,75"
MG,Caparaó,"8,75"
RJ,Engenheiro Paulo de Frontin,"8,75"
SP,Franca,"8,75"
TO,Lajeado,"8,75"
SC,Nova Erechim,"8,75"
MG,Olaria,"8,75"
TO,Palmas²,"8,75"
RS,Poço das Antas,"8,75"
PB,Santa Cecília,"8,75"
PB,Santa Luzia,"8,75"
PE,Santa Terezinha,"8,75"
SC,Santa Terezinha,"8,75"
MT,São José do Rio Claro,"8,75"
TO,Taipas do Tocantins,"8,75"
PI,Valença do Piauí,"8,75"
CE,Varjota,"8,75"
ES,Vila Velha,"8,75"
PR,Cianorte,"8,61"
RS,Guaporé,"8,61"
RO,Monte Negro,"8,61"
PE,Olinda,"8,61"
BA,Paulo Afonso,"8,61"
PE,Sairé,"8,61"
BA,Santa Luzia,"8,61"
BA,Vitória da Conquista,"8,61"
RS,Capão do Cipó,"8,47"
TO,Dueré,"8,47"
RS,Ibirubá,"8,47"
MS,Miranda,"8,47"
PB,Natuba,"8,47"
AL,Passo de Camaragibe,"8,47"
MA,Pastos Bons,"8,47"
SP,Silveiras,"8,47"
PB,Assunção,"8,33"
PR,Bela Vista da Caroba,"8,33"
PB,Cabaceiras,"8,33"
GO,Caiapônia,"8,33"
SC,Correia Pinto,"8,33"
SC,Erval Velho,"8,33"
AM,Humaitá,"8,33"
SP,Igaraçu do Tietê,"8,33"
MS,Jaraguari,"8,33"
ES,Linhares,"8,33"
PB,Logradouro,"8,33"
MG,Monte Santo de Minas,"8,33"
RS,Porto Alegre²,"8,33"
CE,Quixeré,"8,33"
PB,São José do Sabugi,"8,33"
MT,Sinop,"8,33"
MS,Anastácio,"8,19"
RJ,Cachoeiras de Macacu,"8,19"
PR,Cascavel,"8,19"
MT,Comodoro,"8,19"
MT,Confresa,"8,19"
SC,Criciúma,"8,19"
MS,Deodápolis,"8,19"
ES,Iconha,"8,19"
AM,Itacoatiara,"8,19"
SC,Joinville,"8,19"
MT,Juruena,"8,19"
MG,Lagoa da Prata,"8,19"
MT,Nova Mutum,"8,19"
RS,Novo Machado,"8,19"
MT,Querência,"8,19"
SC,Santo Amaro da Imperatriz,"8,19"
RS,São Pedro da Serra,"8,19"
PB,Serra da Raiz,"8,19"
BA,Brotas de Macaúbas,"8,05"
ES,Itaguaçu,"8,05"
MG,Muzambinho,"8,05"
TO,Pugmil,"8,05"
CE,Quixadá,"8,05"
PB,Riacho dos Cavalos,"8,05"
RS,Agudo,"7,91"
RS,Cachoeirinha,"7,91"
MT,Canarana,"7,91"
MA,Cândido Mendes,"7,91"
PI,Cocal de Telha,"7,91"
SP,Dolcinópolis,"7,91"
PE,Fernando de Noronha,"7,91"
GO,Goiânia²,"7,91"
MA,Imperatriz,"7,91"
PR,Mangueirinha,"7,91"
MT,Paranaíta,"7,91"
TO,Pium,"7,91"
PB,Riacho de Santo Antônio,"7,91"
SP,Riolândia,"7,91"
BA,Salvador²,"7,91"
TO,Talismã,"7,91"
PE,Vertente do Lério,"7,91"
ES,Fundão,"7,77"
ES,Ibatiba,"7,77"
BA,Itatim,"7,77"
ES,Marechal Floriano,"7,77"
SC,Ouro Verde,"7,77"
MA,Parnarama,"7,77"
TO,Porto Alegre do Tocantins,"7,77"
MT,Rosário Oeste,"7,77"
ES,São Gabriel da Palha,"7,77"
SP,Barra do Turvo,"7,63"
PB,Bom Sucesso,"7,63"
MS,Campo Grande²,"7,63"
RS,Muitos Capões,"7,63"
PR,Ponta Grossa,"7,63"
MS,Agua Clara,"7,50"
SP,Alumínio,"7,50"
RS,Aratiba,"7,50"
MG,Arceburgo,"7,50"
SC,Balneário Arroio do Silva,"7,50"
PR,Barra do Jacaré,"7,50"
MS,Bataguassu,"7,50"
SC,Bela Vista do Toldo,"7,50"
SC,Bocaina do Sul,"7,50"
RS,Bom Progresso,"7,50"
SC,Campo Erê,"7,50"
RJ,Casimiro de Abreu,"7,50"
PB,Congo,"7,50"
SC,Cordilheira Alta,"7,50"
SC,Coronel Freitas,"7,50"
BA,Cristópolis,"7,50"
PR,Cruzeiro do Iguaçu,"7,50"
RS,Farroupilha,"7,50"
RS,Forquetinha,"7,50"
SP,Getulina,"7,50"
CE,Guaramiranga,"7,50"
SP,Guareí,"7,50"
GO,Guarinos,"7,50"
GO,Itapirapuã,"7,50"
CE,Jaguaretama,"7,50"
SE,Lagarto,"7,50"
SC,Lindóia do Sul,"7,50"
SP,Macatuba,"7,50"
PI,Massapê do Piauí,"7,50"
SC,Massaranduba,"7,50"
MG,Morada Nova de Minas,"7,50"
PR,Nova Santa Bárbara,"7,50"
RO,Novo Horizonte do Oeste,"7,50"
CE,Paraipaba,"7,50"
RN,Parnamirim,"7,50"
RS,Picada Café,"7,50"
MG,Piraúba,"7,50"
MG,Pompéu,"7,50"
RS,Relvado,"7,50"
TO,Santa Tereza do Tocantins,"7,50"
SC,São Bonifácio,"7,50"
MG,São Francisco de Paula,"7,50"
RJ,São José de Ubá,"7,50"
RS,Sarandi,"7,50"
MG,Sarzedo,"7,50"
MG,Sete Lagoas,"7,50"
MS,Terenos,"7,50"
SC,Três Barras,"7,50"
RS,Vitória das Missões,"7,50"
PB,Algodão de Jandaíra,"7,36"
MT,Alto Taquari,"7,36"
SP,Caraguatatuba,"7,36"
SC,Frei Rogério,"7,36"
MT,Indiavaí,"7,36"
MG,Lagoa Dourada,"7,36"
SP,Lorena,"7,36"
MT,Nova Canaã do Norte,"7,36"
SC,Nova Trento,"7,36"
BA,São Miguel das Matas,"7,36"
PB,Barra de Santa Rosa,"7,22"
SP,Casa Branca,"7,22"
SP,Fartura,"7,22"
PR,Francisco Beltrão,"7,22"
MS,Itaquiraí,"7,22"
PR,Londrina,"7,22"
AP,Macapá²,"7,22"
SP,Marabá Paulista,"7,22"
SP,Motuca,"7,22"
TO,Pedro Afonso,"7,22"
PR,Quatro Pontes,"7,22"
PE,São Bento do Una,"7,22"
SP,Bariri,"7,08"
RJ,Bom Jesus do Itabapoana,"7,08"
RS,Cacique Doble,"7,08"
PB,Catolé do Rocha,"7,08"
AL,Coruripe,"7,08"
SC,Doutor Pedrinho,"7,08"
MS,Maracaju,"7,08"
RS,Muçum,"7,08"
CE,Orós,"7,08"
PI,São João do Piauí,"7,08"
MS,Selvíria,"7,08"
CE,Tabuleiro do Norte,"7,08"
CE,Antonina do Norte,"6,94"
SP,Cunha,"6,94"
PR,Doutor Ulysses,"6,94"
GO,Edéia,"6,94"
PB,Gado Bravo,"6,94"
SP,Ipiguá,"6,94"
PR,Ivaiporã,"6,94"
PA,Jacareacanga,"6,94"
CE,Lavras da Mangabeira,"6,94"
PR,Nova Santa Rosa,"6,94"
PA,Paragominas,"6,94"
RS,Pejuçara,"6,94"
RO,Primavera de Rondônia,"6,94"
PB,São Miguel de Taipu,"6,94"
RS,Senador Salgado Filho,"6,94"
PI,Simões,"6,94"
PI,Sussuapara,"6,94"
RS,Tuparendi,"6,94"
SC,Aurora,"6,80"
PB,Cajazeirinhas,"6,80"
RS,Carlos Barbosa,"6,80"
RS,Caseiros,"6,80"
PE,Condado,"6,80"
RS,Ibiaçá,"6,80"
PB,Pedras de Fogo,"6,80"
PA,Portel,"6,80"
RS,Rondinha,"6,80"
SC,Tijucas,"6,80"
MA,Timbiras,"6,80"
SP,Alto Alegre,"6,66"
RS,Barra Funda,"6,66"
PI,Cabeceiras do Piauí,"6,66"
CE,Deputado Irapuan Pinheiro,"6,66"
RS,Esperança do Sul,"6,66"
SC,Forquilhinha,"6,66"
PR,Guaíra,"6,66"
GO,Itapuranga,"6,66"
RN,Jucurutu,"6,66"
CE,Mucambo,"6,66"
ES,Muqui,"6,66"
AL,Murici,"6,66"
MG,Paraopeba,"6,66"
PI,Parnaíba,"6,66"
SP,Roseira,"6,66"
MG,São Domingos das Dores,"6,66"
PA,São Miguel do Guamá,"6,66"
RJ,Sapucaia,"6,66"
MA,Senador Alexandre Costa,"6,66"
PE,Tabira,"6,66"
PR,Tupãssi,"6,66"
SP,Vitória Brasil,"6,66"
TO,Aguiarnópolis,"6,52"
PB,Bayeux,"6,52"
PB,Mataraca,"6,52"
PI,Teresina²,"6,52"
PE,Cabrobó,"6,39"
PE,Agrestina,"6,38"
TO,Centenário,"6,38"
RS,Eldorado do Sul,"6,38"
MG,Itaú de Minas,"6,38"
PR,Jundiaí do Sul,"6,38"
MG,Malacacheta,"6,38"
CE,Marco,"6,38"
RN,Natal²,"6,38"
SP,Platina,"6,38"
MG,São Domingos do Prata,"6,38"
ES,São José do Calçado,"6,38"
PI,São Pedro do Piauí,"6,38"
BA,Alagoinhas,"6,25"
PI,Belém do Piauí,"6,25"
RR,Bonfim,"6,25"
GO,Campinaçu,"6,25"
RJ,Carapebus,"6,25"
CE,Caririaçu,"6,25"
GO,Crixás,"6,25"
PR,Douradina,"6,25"
TO,Figueirópolis,"6,25"
SC,Gravatal,"6,25"
SP,Guaraçaí,"6,25"
RN,Ipanguaçu,"6,25"
CE,Ipaporanga,"6,25"
PI,Lagoa do Sítio,"6,25"
SC,Monte Carlo,"6,25"
SP,Natividade da Serra,"6,25"
SE,Nossa Senhora do Socorro,"6,25"
PB,Remígio,"6,25"
PB,São José de Espinharas,"6,25"
PB,Alagoa Nova,"6,11"
PE,Aliança,"6,11"
AM,Anori,"6,11"
RJ,Armação dos Búzios,"6,11"
ES,Baixo Guandu,"6,11"
MG,Barbacena,"6,11"
SE,Barra dos Coqueiros,"6,11"
GO,Barro Alto,"6,11"
AM,Benjamin Constant,"6,11"
PR,Bituruna,"6,11"
PR,Bom Jesus do Sul,"6,11"
MS,Caarapó,"6,11"
RS,Capão da Canoa,"6,11"
SP,Cardoso,"6,11"
MG,Carmo do Rio Claro,"6,11"
PB,Caturité,"6,11"
MS,Corguinho,"6,11"
PR,Goioerê,"6,11"
SC,Governador Celso Ramos,"6,11"
CE,Iracema,"6,11"
RJ,Itaperuna,"6,11"
RJ,Itatiaia,"6,11"
SC,Jaguaruna,"6,11"
PR,Japira,"6,11"
SC,Jupiá,"6,11"
PI,Lagoa do Barro do Piauí,"6,11"
AM,Manaus²,"6,11"
AL,Messias,"6,11"
RS,Nova Bassano,"6,11"
MT,Nova Lacerda,"6,11"
MG,Pequi,"6,11"
PR,Pinhalão,"6,11"
BA,Poções,"6,11"
MG,Queluzito,"6,11"
SC,Rio do Sul,"6,11"
MG,Rio Novo,"6,11"
MG,Santa Rita de Jacutinga,"6,11"
PR,Santana do Itararé,"6,11"
MG,São Tomás de Aquino,"6,11"
RS,Serafina Corrêa,"6,11"
RN,Serra do Mel,"6,11"
PE,Sertânia,"6,11"
RS,Tapera,"6,11"
CE,Tarrafas,"6,11"
MT,Alto Garças,"5,97"
PB,Bernardino Batista,"5,97"
RS,Independência,"5,97"
RS,Protásio Alves,"5,97"
MS,Sidrolândia,"5,97"
MS,Taquarussu,"5,97"
SP,Atibaia,"5,83"
MA,Barreirinhas,"5,83"
PB,Belém,"5,83"
PB,Boa Ventura,"5,83"
SC,Canelinha,"5,83"
TO,Chapada da Natividade,"5,83"
PB,Condado,"5,83"
PB,Emas,"5,83"
SC,Entre Rios,"5,83"
SP,Floreal,"5,83"
PB,Itatuba,"5,83"
RO,Jaru,"5,83"
SP,Mairiporã,"5,83"
RJ,Mangaratiba,"5,83"
RO,Ministro Andreazza,"5,83"
SE,Pacatuba,"5,83"
PR,Paiçandu,"5,83"
SC,Pouso Redondo,"5,83"
SP,Promissão,"5,83"
RJ,Rio de Janeiro²,"5,83"
PB,Santa Inês,"5,83"
SC,São Miguel do Oeste,"5,83"
TO,São Valério da Natividade,"5,83"
SP,Suzanápolis,"5,83"
SP,Tanabi,"5,83"
TO,Tocantinópolis,"5,83"
RJ,Três Rios,"5,83"
RN,Viçosa,"5,83"
PA,Anapu,"5,69"
CE,Beberibe,"5,69"
PE,Calumbi,"5,69"
MT,Denise,"5,69"
RS,Morro Redondo,"5,69"
MT,Nobres,"5,69"
MT,Nova Xavantina,"5,69"
GO,Orizona,"5,69"
SP,Pacaembu,"5,69"
SP,Paranapanema,"5,69"
PE,Passira,"5,69"
RS,Planalto,"5,69"
PB,Pocinhos,"5,69"
PR,Rebouças,"5,69"
RS,Santa Cruz do Sul,"5,69"
AL,Satuba,"5,69"
PE,Afogados da Ingazeira,"5,55"
SP,Aguas da Prata,"5,55"
PR,Bela Vista do Paraíso,"5,55"
PA,Belém²,"5,55"
PR,Capanema,"5,55"
GO,Goiás,"5,55"
SP,Guaratinguetá,"5,55"
PB,Nova Palmeira,"5,55"
BA,Oliveira dos Brejinhos,"5,55"
BA,Pau Brasil,"5,55"
SP,Pindorama,"5,55"
ES,São Domingos do Norte,"5,55"
PB,Solânea,"5,55"
PI,Agua Branca,"5,41"
MG,Alpinópolis,"5,41"
MS,Amambaí,"5,41"
MA,Amarante do Maranhão,"5,41"
PI,Arraial,"5,41"
RS,Barracão,"5,41"
MG,Formiga,"5,41"
SC,Garopaba,"5,41"
CE,Granja,"5,41"
SC,Imaruí,"5,41"
SC,Irineópolis,"5,41"
MT,Itanhangá,"5,41"
MS,Japorã,"5,41"
SC,Lauro Muller,"5,41"
SC,Macieira,"5,41"
SC,Mafra,"5,41"
PB,Mamanguape,"5,41"
MG,Maripá de Minas,"5,41"
MT,Mirassol d'Oeste,"5,41"
RS,Paim Filho,"5,41"
MS,Pedro Gomes,"5,41"
MT,Planalto da Serra,"5,41"
MT,Pontes e Lacerda,"5,41"
SC,Porto Belo,"5,41"
PE,Quixaba,"5,41"
MT,Santo Antônio do Leste,"5,41"
MT,São José do Xingu,"5,41"
SP,São Pedro do Turvo,"5,41"
GO,Senador Canedo,"5,41"
PB,Sobrado,"5,41"
RS,Taquaruçu do Sul,"5,41"
RS,Três Palmeiras,"5,41"
RS,Trindade do Sul,"5,41"
MT,Vila Bela da Santíssima Trindade,"5,41"
ES,Agua Doce do Norte,"5,27"
SP,Anhembi,"5,27"
SP,Araraquara,"5,27"
PB,Araruna,"5,27"
SC,Balneário Gaivota,"5,27"
PB,Barra de Santana,"5,27"
SC,Biguaçu,"5,27"
AM,Boca do Acre,"5,27"
PE,Brejinho,"5,27"
RS,Cândido Godói,"5,27"
MS,Costa Rica,"5,27"
PR,Cruzeiro do Sul,"5,27"
SC,Dona Emma,"5,27"
GO,Hidrolândia,"5,27"
MG,Igaratinga,"5,27"
MA,João Lisboa,"5,27"
PI,Joaquim Pires,"5,27"
RS,Lajeado do Bugre,"5,27"
BA,Lajedão,"5,27"
AM,Manaquiri,"5,27"
MG,Monjolos,"5,27"
TO,Nova Olinda,"5,27"
TO,Palmeiras do Tocantins,"5,27"
RN,Parelhas,"5,27"
GO,Petrolina de Goiás,"5,27"
SP,Pirassununga,"5,27"
PB,Puxinanã,"5,27"
PB,Queimadas,"5,27"
RN,Riacho da Cruz,"5,27"
MA,Santa Luzia do Paruá,"5,27"
RN,Santa Maria,"5,27"
PE,Santa Maria da Boa Vista,"5,27"
GO,Santo Antônio da Barra,"5,27"
SP,Santo Expedito,"5,27"
AL,São Luís do Quitunde,"5,27"
PE,Timbaúba,"5,27"
SC,Turvo,"5,27"
PE,Vicência,"5,27"
MT,Alto Araguaia,"5,13"
PB,Borborema,"5,13"
SP,Cerqueira César,"5,13"
PB,Conceição,"5,13"
SC,Itaiópolis,"5,13"
GO,Itarumã,"5,13"
SC,Monte Castelo,"5,13"
MA,Morros,"5,13"
RS,Nova Petrópolis,"5,13"
SC,Orleans,"5,13"
CE,Palhano,"5,13"
RS,Parobé,"5,13"
MT,Peixoto de Azevedo,"5,13"
GO,Piracanjuba,"5,13"
MT,Ribeirãozinho,"5,13"
RS,Sede Nova,"5,13"
PB,Sertãozinho,"5,13"
RJ,Sumidouro,"5,13"
PB,Tavares,"5,13"
PA,Baião,"5,00"
PB,Bom Jesus,"5,00"
SC,Bom Retiro,"5,00"
TO,Itaporã do Tocantins,"5,00"
MG,Monte Belo,"5,00"
PE,Moreilândia,"5,00"
ES,Muniz Freire,"5,00"
MG,Passos,"5,00"
PE,Petrolina,"5,00"
SP,Pontes Gestal,"5,00"
RS,Santa Maria,"5,00"
PB,Soledade,"5,00"
PB,Tenório,"5,00"
ES,Vargem Alta,"5,00"
PB,Aguiar,"4,86"
AL,Arapiraca,"4,86"
PR,Boa Vista da Aparecida,"4,86"
PA,Breu Branco,"4,86"
PI,Cajazeiras do Piauí,"4,86"
PA,Cametá,"4,86"
RS,Caraá,"4,86"
TO,Carrasco Bonito,"4,86"
MT,Conquista D'Oeste,"4,86"
MT,Cotriguaçu,"4,86"
BA,Feira de Santana,"4,86"
SE,Itaporanga d'Ajuda,"4,86"
PB,Mãe d'Agua,"4,86"
PI,Miguel Leão,"4,86"
RS,Nonoai,"4,86"
RS,Paraí,"4,86"
RS,Restinga Seca,"4,86"
RS,Roque Gonzales,"4,86"
MT,Santo Afonso,"4,86"
PB,São Bentinho,"4,86"
RJ,São José do Vale do Rio Preto,"4,86"
RS,Sinimbu,"4,86"
MT,Sorriso,"4,86"
PE,Tacaimbó,"4,86"
MT,Tangará da Serra,"4,86"
RS,Vale do Sol,"4,86"
PA,Afuá,"4,72"
MG,Campo Florido,"4,72"
RJ,Duque de Caxias,"4,72"
SP,Gália,"4,72"
AM,Guajará,"4,72"
SC,Itajaí,"4,72"
PB,Manaíra,"4,72"
PB,Poço Dantas,"4,72"
SE,Propriá,"4,72"
SP,Santo Anastácio,"4,72"
PB,São José do Brejo do Cruz,"4,72"
PA,Ananindeua,"4,58"
PB,Boqueirão,"4,58"
PB,Cacimba de Areia,"4,58"
MT,Canabrava do Norte,"4,58"
PE,Carnaíba,"4,58"
RS,Gentil,"4,58"
MT,Guiratinga,"4,58"
SP,Holambra,"4,58"
ES,Iúna,"4,58"
PE,Jucati,"4,58"
PB,Malta,"4,58"
PB,Marizópolis,"4,58"
RS,Montauri,"4,58"
BA,Mulungu do Morro,"4,58"
MT,Paranatinga,"4,58"
MT,Pontal do Araguaia,"4,58"
RS,Redentora,"4,58"
CE,Santa Quitéria,"4,58"
SP,Santa Rita do Passa Quatro,"4,58"
PA,São Sebastião da Boa Vista,"4,58"
MT,União do Sul,"4,58"
CE,Uruoca,"4,58"
MG,Abaeté,"4,44"
MG,Alvarenga,"4,44"
TO,Alvorada,"4,44"
RO,Alvorada D'Oeste,"4,44"
GO,Anápolis,"4,44"
RJ,Bom Jardim,"4,44"
PE,Caruaru,"4,44"
MT,Chapada dos Guimarães,"4,44"
MG,Cláudio,"4,44"
ES,Colatina,"4,44"
RO,Cujubim,"4,44"
BA,Elísio Medrado,"4,44"
PR,Figueira,"4,44"
BA,Ibirapitanga,"4,44"
SP,Igaratá,"4,44"
BA,Jacaraci,"4,44"
MT,Jangada,"4,44"
TO,Palmeirante,"4,44"
PB,Serra Branca,"4,44"
PR,Tijucas do Sul,"4,44"
TO,Xambioá,"4,44"
MT,Alta Floresta,"4,30"
MA,Cidelândia,"4,30"
RS,Gravataí,"4,30"
ES,Jerônimo Monteiro,"4,30"
RS,Nova Roma do Sul,"4,30"
PI,Oeiras,"4,30"
MG,Patos de Minas,"4,30"
MG,Periquito,"4,30"
PE,Sanharó,"4,30"
GO,Santa Helena de Goiás,"4,30"
SP,Serrana,"4,30"
TO,Angico,"4,16"
TO,Axixá do Tocantins,"4,16"
RJ,Barra do Piraí,"4,16"
TO,Barrolândia,"4,16"
TO,Bernardo Sayão,"4,16"
MS,Douradina,"4,16"
RS,General Câmara,"4,16"
SP,Iracemápolis,"4,16"
RN,Lagoa Nova,"4,16"
BA,Macururé,"4,16"
ES,Montanha,"4,16"
GO,Novo Brasil,"4,16"
PE,Paranatama,"4,16"
RJ,Rio Bonito,"4,16"
SP,Sarutaiá,"4,16"
RS,Antônio Prado,"4,02"
MT,Apiacás,"4,02"
PE,Arcoverde,"4,02"
SP,Avaré,"4,02"
SP,Braúna,"4,02"
MT,Campinápolis,"4,02"
SP,Campinas,"4,02"
MT,Campos de Júlio,"4,02"
PR,Foz do Iguaçu,"4,02"
MT,Itiquira,"4,02"
MT,Nova Bandeirantes,"4,02"
MT,Nova Monte Verde,"4,02"
MT,Nova Olímpia,"4,02"
SP,Pederneiras,"4,02"
MT,Porto dos Gaúchos,"4,02"
MT,Santa Cruz do Xingu,"4,02"
RJ,São João de Meriti,"4,02"
CE,São Luís do Curu,"4,02"
MT,Tapurah,"4,02"
CE,Alcântaras,"3,88"
MA,Altamira do Maranhão,"3,88"
MG,Alvinópolis,"3,88"
SC,Balneário Barra do Sul,"3,88"
MA,Bela Vista do Maranhão,"3,88"
MA,Buriti Bravo,"3,88"
MG,Caeté,"3,88"
PB,Campina Grande,"3,88"
MA,Chapadinha,"3,88"
TO,Colinas do Tocantins,"3,88"
TO,Crixás do Tocantins,"3,88"
AM,Envira,"3,88"
MG,Ferros,"3,88"
MG,Guaxupé,"3,88"
BA,Ibotirama,"3,88"
ES,Itarana,"3,88"
GO,Jussara,"3,88"
RN,Luís Gomes,"3,88"
GO,Matrinchã,"3,88"
SP,Meridiano,"3,88"
RS,Não-Me-Toque,"3,88"
MA,Olinda Nova do Maranhão,"3,88"
MA,Pedreiras,"3,88"
RO,Pimenteiras do Oeste,"3,88"
TO,Ponte Alta do Tocantins,"3,88"
RJ,Quatis,"3,88"
RJ,Queimados,"3,88"
RJ,Rio Claro,"3,88"
TO,Rio Sono,"3,88"
PE,Salgueiro,"3,88"
SC,Santiago do Sul,"3,88"
MA,São Domingos do Maranhão,"3,88"
MG,São Gonçalo do Rio Abaixo,"3,88"
MA,Serrano do Maranhão,"3,88"
AL,Tanque d'Arca,"3,88"
PE,Bom Jardim,"3,75"
RO,Cacoal,"3,75"
PE,Chã Grande,"3,75"
PE,Iati,"3,75"
RS,Imigrante,"3,75"
MG,Santa Bárbara,"3,75"
MT,São Pedro da Cipa,"3,75"
CE,Acaraú,"3,61"
RN,Angicos,"3,61"
SC,Araquari,"3,61"
SP,Brejo Alegre,"3,61"
PB,Cacimbas,"3,61"
RO,Colorado do Oeste,"3,61"
SE,Feira Nova,"3,61"
PB,Guarabira,"3,61"
SP,Guaraci,"3,61"
MT,Itaúba,"3,61"
CE,Jijoca de Jericoacoara,"3,61"
PR,Lapa,"3,61"
MG,Mariana,"3,61"
SP,Mendonça,"3,61"
PB,Monteiro,"3,61"
RJ,Porciúncula,"3,61"
RN,Santa Cruz,"3,61"
PB,São Bento,"3,61"
AL,São José da Tapera,"3,61"
PB,São Vicente do Seridó,"3,61"
MA,Senador La Rocque,"3,61"
PE,Solidão,"3,61"
PA,Tucumã,"3,61"
MG,Uberlândia,"3,61"
PR,União da Vitória,"3,61"
PI,Vila Nova do Piauí,"3,61"
SE,Aracaju²,"3,47"
PB,Baía da Traição,"3,47"
MT,Bom Jesus do Araguaia,"3,47"
RS,Butiá,"3,47"
RO,Cerejeiras,"3,47"
RS,Entre Rios do Sul,"3,47"
MS,Guia Lopes da Laguna,"3,47"
SP,Ibirarema,"3,47"
SP,Mairinque,"3,47"
RS,Monte Belo do Sul,"3,47"
GO,Mozarlândia,"3,47"
MA,Santa Helena,"3,47"
BA,Saubara,"3,47"
RN,Serra Caiada,"3,47"
RS,Sobradinho,"3,47"
PB,Tacima,"3,47"
MG,Abre Campo,"3,33"
RO,Alto Alegre dos Parecis,"3,33"
PI,Amarante,"3,33"
GO,Aparecida de Goiânia,"3,33"
CE,Aquiraz,"3,33"
MG,Argirita,"3,33"
TO,Arraias,"3,33"
PA,Aurora do Pará,"3,33"
MS,Bandeirantes,"3,33"
RJ,Belford Roxo,"3,33"
GO,Bom Jardim de Goiás,"3,33"
MA,Bom Lugar,"3,33"
MG,Brazópolis,"3,33"
SP,Brotas,"3,33"
RO,Buritis,"3,33"
PI,Cajueiro da Praia,"3,33"
PI,Campinas do Piauí,"3,33"
PI,Campo Alegre do Fidalgo,"3,33"
SC,Campo Belo do Sul,"3,33"
RJ,Campos dos Goytacazes,"3,33"
SC,Canoinhas,"3,33"
CE,Capistrano,"3,33"
PI,Caracol,"3,33"
AM,Carauari,"3,33"
PI,Caridade do Piauí,"3,33"
RS,Carlos Gomes,"3,33"
GO,Carmo do Rio Verde,"3,33"
TO,Carmolândia,"3,33"
SE,Carmópolis,"3,33"
RO,Castanheiras,"3,33"
GO,Caturaí,"3,33"
PE,Cedro,"3,33"
GO,Ceres,"3,33"
BA,Cordeiros,"3,33"
PI,Corrente,"3,33"
BA,Crisópolis,"3,33"
SP,Cubatão,"3,33"
PA,Curuá,"3,33"
PR,Diamante do Sul,"3,33"
MT,Diamantino,"3,33"
RS,Dona Francisca,"3,33"
PE,Dormentes,"3,33"
SP,Embaúba,"3,33"
PI,Esperantina,"3,33"
RS,Esteio,"3,33"
SP,Estrela do Norte,"3,33"
SC,Faxinal dos Guedes,"3,33"
GO,Flores de Goiás,"3,33"
CE,Graça,"3,33"
SE,Gracho Cardoso,"3,33"
PI,Guadalupe,"3,33"
SP,Guará,"3,33"
RS,Guarani das Missões,"3,33"
SP,Guariba,"3,33"
GO,Hidrolina,"3,33"
CE,Horizonte,"3,33"
SC,Içara,"3,33"
PR,Iguaraçu,"3,33"
CE,Iguatu,"3,33"
CE,Independência,"3,33"
CE,Ipaumirim,"3,33"
PI,Ipiranga do Piauí,"3,33"
PI,Itainópolis,"3,33"
PR,Itaperuçu,"3,33"
PI,Itaueira,"3,33"
PR,Jardim Alegre,"3,33"
PI,Jatobá do Piauí,"3,33"
PI,Joca Marques,"3,33"
CE,Jucás,"3,33"
PI,Madeiro,"3,33"
AL,Major Isidoro,"3,33"
PR,Mandaguaçu,"3,33"
PI,Manoel Emídio,"3,33"
ES,Mantenópolis,"3,33"
ES,Marataízes,"3,33"
RJ,Maricá,"3,33"
SP,Marinópolis,"3,33"
CE,Mauriti,"3,33"
CE,Milhã,"3,33"
PI,Milton Brandão,"3,33"
SP,Monte Castelo,"3,33"
TO,Monte do Carmo,"3,33"
GO,Montividiu do Norte,"3,33"
TO,Natividade,"3,33"
MS,Nioaque,"3,33"
RJ,Nova Friburgo,"3,33"
CE,Novo Oriente,"3,33"
SC,Paial,"3,33"
SP,Palmeira d'Oeste,"3,33"
AL,Palmeira dos Índios,"3,33"
MS,Paraíso das Aguas,"3,33"
SP,Patrocínio Paulista,"3,33"
MG,Pedras de Maria da Cruz,"3,33"
PI,Porto Alegre do Piauí,"3,33"
RJ,Porto Real,"3,33"
PR,Pranchita,"3,33"
SP,Presidente Alves,"3,33"
MA,Presidente Dutra,"3,33"
PI,Regeneração,"3,33"
CE,Reriutaba,"3,33"
BA,Retirolândia,"3,33"
BA,Riachão do Jacuípe,"3,33"
PI,Ribeira do Piauí,"3,33"
SP,Ribeirão dos Índios,"3,33"
TO,Rio dos Bois,"3,33"
GO,Rio Quente,"3,33"
MA,Rosário,"3,33"
SE,Rosário do Catete,"3,33"
TO,Sandolândia,"3,33"
PA,Santa Bárbara do Pará,"3,33"
BA,Santa Cruz Cabrália,"3,33"
PE,Santa Filomena,"3,33"
PI,Santo Antônio de Lisboa,"3,33"
SE,São Cristóvão,"3,33"
SE,São Domingos,"3,33"
SE,São Francisco,"3,33"
PI,São Francisco do Piauí,"3,33"
MS,São Gabriel do Oeste,"3,33"
RS,São Jerônimo,"3,33"
MG,São João do Oriente,"3,33"
MA,São José de Ribamar,"3,33"
GO,São Miguel do Passa Quatro,"3,33"
PI,São Raimundo Nonato,"3,33"
CE,Senador Pompeu,"3,33"
AM,Silves,"3,33"
SC,Tangará,"3,33"
GO,Terezópolis de Goiás,"3,33"
RO,Theobroma,"3,33"
SC,Timbó Grande,"3,33"
CE,Tururu,"3,33"
GO,Turvelândia,"3,33"
CE,Umari,"3,33"
RO,Urupá,"3,33"
RO,Vale do Anari,"3,33"
PI,Várzea Branca,"3,33"
PI,Várzea Grande,"3,33"
SP,Vera Cruz,"3,33"
PI,Vera Mendes,"3,33"
SP,Viradouro,"3,33"
BA,Xique-Xique,"3,33"
MA,Alcântara,"3,19"
PE,Camocim de São Félix,"3,19"
PB,Catingueira,"3,19"
PE,Cortês,"3,19"
SP,Iacri,"3,19"
MT,Marcelândia,"3,19"
PE,Orobó,"3,19"
SP,Pontal,"3,19"
PR,Quinta do Sol,"3,19"
SC,São José,"3,19"
PE,Vertentes,"3,19"
RS,Westfalia,"3,19"
TO,Couto de Magalhães,"3,06"
CE,Barbalha,"3,05"
RN,Bodó,"3,05"
TO,Brejinho de Nazaré,"3,05"
GO,Buritinópolis,"3,05"
PE,Calçado,"3,05"
RN,Campo Redondo,"3,05"
PB,Carrapateira,"3,05"
SE,Cedro de São João,"3,05"
CE,Crateús,"3,05"
PE,Exu,"3,05"
MG,Felixlândia,"3,05"
CE,Frecheirinha,"3,05"
SP,Guaimbê,"3,05"
MG,Guidoval,"3,05"
PE,Ingazeira,"3,05"
PA,Irituia,"3,05"
SP,Itaporanga,"3,05"
AL,Jacaré dos Homens,"3,05"
SP,Juquiá,"3,05"
PE,Lagoa Grande,"3,05"
CE,Madalena,"3,05"
PI,Miguel Alves,"3,05"
GO,Niquelândia,"3,05"
PR,Paraíso do Norte,"3,05"
BA,Paramirim,"3,05"
PB,Patos,"3,05"
SP,Pedreira,"3,05"
TO,Pindorama do Tocantins,"3,05"
TO,Presidente Kennedy,"3,05"
BA,Quijingue,"3,05"
SP,Regente Feijó,"3,05"
RR,Rorainópolis,"3,05"
BA,Santa Bárbara,"3,05"
SP,Santa Gertrudes,"3,05"
RS,Santana da Boa Vista,"3,05"
MG,São João do Pacuí,"3,05"
SP,São Sebastião da Grama,"3,05"
RJ,São Sebastião do Alto,"3,05"
SP,Sertãozinho,"3,05"
CE,Tamboril,"3,05"
BA,Tanque Novo,"3,05"
PR,Telêmaco Borba,"3,05"
PA,Trairão,"3,05"
PB,Zabelê,"3,05"
MA,Zé Doca,"3,05"
MA,Agua Doce do Maranhão,"2,91"
CE,Ibiapina,"2,91"
PE,Iguaraci,"2,91"
SP,Luís Antônio,"2,91"
BA,Porto Seguro,"2,91"
MA,São Raimundo do Doca Bezerra,"2,91"
BA,Serrolândia,"2,91"
RJ,Varre-Sai,"2,78"
MG,Acaiaca,"2,77"
PI,Alagoinha do Piauí,"2,77"
PB,Alcantil,"2,77"
MG,Alpercata,"2,77"
SP,Altair,"2,77"
PI,Alto Longá,"2,77"
PI,Altos,"2,77"
PR,Ângulo,"2,77"
SE,Aquidabã,"2,77"
SE,Arauá,"2,77"
SP,Aspásia,"2,77"
PI,Avelino Lopes,"2,77"
MG,Bandeira,"2,77"
PR,Barbosa Ferraz,"2,77"
RS,Barra do Rio Azul,"2,77"
PI,Barro Duro,"2,77"
PI,Batalha,"2,77"
AL,Batalha,"2,77"
PI,Bela Vista do Piauí,"2,77"
PB,Belém do Brejo do Cruz,"2,77"
PI,Bom Princípio do Piauí,"2,77"
PI,Boqueirão do Piauí,"2,77"
PR,Brasilândia do Sul,"2,77"
GO,Buriti Alegre,"2,77"
PR,Campina da Lagoa,"2,77"
RS,Campinas do Sul,"2,77"
MG,Carmo da Cachoeira,"2,77"
PR,Cidade Gaúcha,"2,77"
PI,Cocal dos Alves,"2,77"
MG,Comercinho,"2,77"
PA,Concórdia do Pará,"2,77"
MG,Conselheiro Lafaiete,"2,77"
GO,Córrego do Ouro,"2,77"
SE,Cristinápolis,"2,77"
SE,Cumbe,"2,77"
PA,Curralinho,"2,77"
PB,Desterro,"2,77"
RS,Encruzilhada do Sul,"2,77"
MG,Entre Folhas,"2,77"
PE,Flores,"2,77"
MG,Funilândia,"2,77"
BA,Gentio do Ouro,"2,77"
PR,Grandes Rios,"2,77"
CE,Groaíras,"2,77"
PR,Guapirama,"2,77"
GO,Iaciara,"2,77"
PR,Iguatu,"2,77"
PR,Imbituva,"2,77"
GO,Indiara,"2,77"
SE,Itabaianinha,"2,77"
GO,Itaberaí,"2,77"
RJ,Itaguaí,"2,77"
AM,Itamarati,"2,77"
BA,Itamari,"2,77"
MG,Itanhandu,"2,77"
SP,Itobi,"2,77"
RS,Jaguari,"2,77"
RN,Janduís,"2,77"
AL,Jaramataia,"2,77"
PI,Jerumenha,"2,77"
BA,João Dourado,"2,77"
MG,Ladainha,"2,77"
GO,Lagoa Santa,"2,77"
RS,Liberato Salzano,"2,77"
PR,Lunardelli,"2,77"
SE,Malhador,"2,77"
AM,Manacapuru,"2,77"
AL,Marechal Deodoro,"2,77"
PA,Marituba,"2,77"
PB,Mato Grosso,"2,77"
PA,Medicilândia,"2,77"
PI,Monsenhor Hipólito,"2,77"
SE,Monte Alegre de Sergipe,"2,77"
RR,Mucajaí,"2,77"
SE,Muribeca,"2,77"
PI,Nazaré do Piauí,"2,77"
PI,Nossa Senhora de Nazaré,"2,77"
MG,Nova Era,"2,77"
PR,Nova Esperança,"2,77"
PI,Novo Oriente do Piauí,"2,77"
PI,Novo Santo Antônio,"2,77"
PI,Olho D'Agua do Piauí,"2,77"
PR,Ourizona,"2,77"
PI,Paes Landim,"2,77"
TO,Pau D'Arco,"2,77"
PI,Paulistana,"2,77"
RS,Paulo Bento,"2,77"
PE,Pedra,"2,77"
PI,Pio IX,"2,77"
GO,Piranhas,"2,77"
SE,Poço Redondo,"2,77"
PI,Porto,"2,77"
MG,Pratápolis,"2,77"
PR,Quarto Centenário,"2,77"
PI,Queimada Nova,"2,77"
PI,Redenção do Gurguéia,"2,77"
PR,Rio Bonito do Iguaçu,"2,77"
SP,Rio Claro,"2,77"
SC,Rio do Oeste,"2,77"
PR,Sabáudia,"2,77"
PR,Santa Cecília do Pavão,"2,77"
PB,Santa Teresinha,"2,77"
MG,Santana do Manhuaçu,"2,77"
MG,São Geraldo do Baixio,"2,77"
PI,São Gonçalo do Gurguéia,"2,77"
RR,São Luiz,"2,77"
AL,São Miguel dos Milagres,"2,77"
SP,São Pedro,"2,77"
SP,São Simão,"2,77"
RS,São Vicente do Sul,"2,77"
PR,Serranópolis do Iguaçu,"2,77"
RJ,Silva Jardim,"2,77"
TO,Silvanópolis,"2,77"
SP,Tapiraí,"2,77"
AL,Teotônio Vilela,"2,77"
RJ,Teresópolis,"2,77"
GO,Aurilândia,"2,63"
PE,Ipojuca,"2,63"
MT,Tesouro,"2,63"
MG,Amparo do Serra,"2,50"
SP,Arapeí,"2,50"
RN,Augusto Severo,"2,50"
MG,Bambuí,"2,50"
SP,Barra do Chapéu,"2,50"
CE,Bela Cruz,"2,50"
PA,Belterra,"2,50"
AM,Beruri,"2,50"
AL,Branquinha,"2,50"
AL,Campestre,"2,50"
RS,Campina das Missões,"2,50"
RS,Candelária,"2,50"
PR,Candói,"2,50"
CE,Catunda,"2,50"
BA,Caturama,"2,50"
TO,Colméia,"2,50"
RO,Corumbiara,"2,50"
TO,Dois Irmãos do Tocantins,"2,50"
PI,Domingos Mourão,"2,50"
MG,Dores de Campos,"2,50"
PA,Eldorado dos Carajás,"2,50"
SE,General Maynard,"2,50"
RS,Hulha Negra,"2,50"
BA,Itaju do Colônia,"2,50"
AM,Itapiranga,"2,50"
AP,Itaubal,"2,50"
PA,Itupiranga,"2,50"
RS,Jaquirana,"2,50"
GO,Jaupaci,"2,50"
MT,Jauru,"2,50"
RJ,Laje do Muriaé,"2,50"
BA,Muniz Ferreira,"2,50"
SP,Nipoã,"2,50"
RO,Nova Brasilândia D'Oeste,"2,50"
SP,Novais,"2,50"
MG,Palmópolis,"2,50"
RS,Paraíso do Sul,"2,50"
PB,Parari,"2,50"
SC,Passo de Torres,"2,50"
MG,Pedrinópolis,"2,50"
SP,Piquete,"2,50"
PR,Piraí do Sul,"2,50"
RS,Pirapó,"2,50"
PI,Piripiri,"2,50"
AL,Porto Real do Colégio,"2,50"
BA,Presidente Dutra,"2,50"
AL,Quebrangulo,"2,50"
PA,Rio Maria,"2,50"
BA,Rodelas,"2,50"
MG,Rubelita,"2,50"
PE,Santa Cruz,"2,50"
PA,Santa Isabel do Pará,"2,50"
BA,São Desidério,"2,50"
SP,São Joaquim da Barra,"2,50"
RS,São Jorge,"2,50"
BA,São José da Vitória,"2,50"
SE,São Miguel do Aleixo,"2,50"
MG,Senhora dos Remédios,"2,50"
PR,Siqueira Campos,"2,50"
PE,Terezinha,"2,50"
SC,Treze de Maio,"2,50"
PA,Tucuruí,"2,50"
RS,Turuçu,"2,50"
RN,Upanema,"2,50"
RS,Alto Alegre,"2,22"
PR,Anahy,"2,22"
SP,Angatuba,"2,22"
RJ,Aperibé,"2,22"
RS,Bagé,"2,22"
TO,Bom Jesus do Tocantins,"2,22"
BA,Buritirama,"2,22"
PA,Cachoeira do Piriá,"2,22"
PB,Caiçara,"2,22"
PR,Campo Mourão,"2,22"
PR,Carambeí,"2,22"
MG,Córrego do Bom Jesus,"2,22"
SP,Dobrada,"2,22"
MG,Heliodora,"2,22"
BA,Ibicaraí,"2,22"
ES,Ibiraçu,"2,22"
BA,Ipecaetá,"2,22"
RJ,Itaboraí,"2,22"
PR,Jacarezinho,"2,22"
AL,Jacuípe,"2,22"
PI,Monsenhor Gil,"2,22"
MG,Munhoz,"2,22"
CE,Nova Russas,"2,22"
PA,Novo Progresso,"2,22"
ES,Pinheiros,"2,22"
BA,Queimadas,"2,22"
AL,Rio Largo,"2,22"
GO,Sanclerlândia,"2,22"
PE,Santa Cruz do Capibaribe,"2,22"
AM,São Paulo de Olivença,"2,22"
PE,Surubim,"2,22"
AL,Taquarana,"2,22"
RN,Tenente Ananias,"2,22"
MA,Trizidela do Vale,"2,22"
RS,Vista Alegre do Prata,"2,22"
PE,Altinho,"2,08"
MS,Camapuã,"2,08"
MT,Castanheira,"2,08"
SC,Florianópolis²,"2,08"
BA,Jussari,"2,08"
SP,Mirandópolis,"2,08"
BA,Nova Ibiá,"2,08"
MT,Nova Marilândia,"2,08"
MG,Paraisópolis,"2,08"
MT,Ribeirão Cascalheira,"2,08"
PR,Rio Negro,"2,08"
MT,São José do Povo,"2,08"
RS,Selbach,"2,08"
MT,Várzea Grande,"2,08"
MA,Vitorino Freire,"2,08"
GO,Abadiânia,"1,94"
TO,Abreulândia,"1,94"
CE,Acarape,"1,94"
MG,Albertina,"1,94"
PA,Alenquer,"1,94"
CE,Altaneira,"1,94"
RR,Alto Alegre,"1,94"
RO,Alto Paraíso,"1,94"
AM,Alvarães,"1,94"
RR,Amajari,"1,94"
AM,Anamã,"1,94"
MS,Angélica,"1,94"
GO,Anhanguera,"1,94"
GO,Anicuns,"1,94"
GO,Aragoiânia,"1,94"
TO,Araguanã,"1,94"
TO,Arapoema,"1,94"
CE,Ararendá,"1,94"
RN,Arês,"1,94"
SC,Armazém,"1,94"
AC,Assis Brasil,"1,94"
AL,Atalaia,"1,94"
RS,Augusto Pestana,"1,94"
SP,Avaí,"1,94"
BA,Baixa Grande,"1,94"
AL,Barra de São Miguel,"1,94"
RS,Barra do Guarita,"1,94"
AL,Belém,"1,94"
PE,Belém de Maria,"1,94"
PE,Belém de São Francisco,"1,94"
PI,Bertolínia,"1,94"
AM,Boa Vista do Ramos,"1,94"
ES,Bom Jesus do Norte,"1,94"
PA,Bom Jesus do Tocantins,"1,94"
PR,Bom Sucesso,"1,94"
AM,Borba,"1,94"
SE,Brejo Grande,"1,94"
BA,Brejolândia,"1,94"
GO,Britânia,"1,94"
AC,Bujari,"1,94"
GO,Cachoeira de Goiás,"1,94"
TO,Cachoeirinha,"1,94"
RS,Caiçara,"1,94"
AP,Calçoene,"1,94"
GO,Campinorte,"1,94"
SE,Canhoba,"1,94"
MG,Cantagalo,"1,94"
AM,Canutama,"1,94"
RS,Capão do Leão,"1,94"
BA,Capela do Alto Alegre,"1,94"
SC,Capivari de Baixo,"1,94"
PI,Caraúbas do Piauí,"1,94"
AM,Careiro,"1,94"
BA,Catu,"1,94"
MG,Chapada do Norte,"1,94"
AM,Codajás,"1,94"
MT,Colniza,"1,94"
MG,Coluna,"1,94"
MG,Conceição da Barra de Minas,"1,94"
TO,Conceição do Tocantins,"1,94"
MA,Coroatá,"1,94"
RO,Costa Marques,"1,94"
TO,Cristalândia,"1,94"
PI,Cristalândia do Piauí,"1,94"
GO,Cristalina,"1,94"
BA,Cruz das Almas,"1,94"
PB,Cruz do Espírito Santo,"1,94"
AC,Cruzeiro do Sul,"1,94"
PI,Curralinhos,"1,94"
TO,Darcinópolis,"1,94"
SC,Dionísio Cerqueira,"1,94"
GO,Divinópolis de Goiás,"1,94"
TO,Divinópolis do Tocantins,"1,94"
MG,Dores de Guanhães,"1,94"
AM,Eirunepé,"1,94"
AC,Epitaciolândia,"1,94"
GO,Estrela do Norte,"1,94"
RN,Extremoz,"1,94"
GO,Faina,"1,94"
MS,Fátima do Sul,"1,94"
AL,Feliz Deserto,"1,94"
AP,Ferreira Gomes,"1,94"
SP,Florínia,"1,94"
AM,Fonte Boa,"1,94"
GO,Gameleira de Goiás,"1,94"
MG,Gameleiras,"1,94"
SP,General Salgado,"1,94"
PE,Glória do Goitá,"1,94"
MG,Goiabeira,"1,94"
RO,Governador Jorge Teixeira,"1,94"
MG,Grupiara,"1,94"
CE,Guaraciaba do Norte,"1,94"
MG,Guarará,"1,94"
RJ,Iguaba Grande,"1,94"
BA,Iguaí,"1,94"
MG,Ijaci,"1,94"
PI,Ilha Grande,"1,94"
AM,Ipixuna,"1,94"
GO,Iporá,"1,94"
AM,Iranduba,"1,94"
PI,Isaías Coelho,"1,94"
TO,Itaguatins,"1,94"
MS,Ivinhema,"1,94"
GO,Ivolândia,"1,94"
PR,Jandaia do Sul,"1,94"
SE,Japoatã,"1,94"
MS,Jardim,"1,94"
PI,João Costa,"1,94"
AC,Jordão,"1,94"
SP,José Bonifácio,"1,94"
AM,Juruá,"1,94"
AM,Jutaí,"1,94"
AM,Lábrea,"1,94"
MA,Lago da Pedra,"1,94"
AL,Lagoa da Canoa,"1,94"
PE,Lagoa do Itaenga,"1,94"
SP,Lavrinhas,"1,94"
PE,Limoeiro,"1,94"
AL,Limoeiro de Anadia,"1,94"
PI,Luzilândia,"1,94"
SC,Major Gercino,"1,94"
SE,Malhada dos Bois,"1,94"
GO,Mambaí,"1,94"
AC,Mâncio Lima,"1,94"
AM,Manicoré,"1,94"
PE,Maraial,"1,94"
TO,Marianópolis do Tocantins,"1,94"
MG,Mata Verde,"1,94"
MA,Matões do Norte,"1,94"
AM,Maués,"1,94"
AP,Mazagão,"1,94"
TO,Miranorte,"1,94"
CE,Missão Velha,"1,94"
GO,Moiporá,"1,94"
SC,Mondaí,"1,94"
RN,Mossoró,"1,94"
GO,Mundo Novo,"1,94"
MG,Mutum,"1,94"
TO,Nazaré,"1,94"
RJ,Nilópolis,"1,94"
RR,Normandia,"1,94"
SE,Nossa Senhora da Glória,"1,94"
GO,Nova América,"1,94"
MT,Nova Guarita,"1,94"
AM,Nova Olinda do Norte,"1,94"
PR,Nova Prata do Iguaçu,"1,94"
RO,Nova União,"1,94"
TO,Novo Acordo,"1,94"
AM,Novo Airão,"1,94"
AM,Novo Aripuanã,"1,94"
MG,Novo Oriente de Minas,"1,94"
MT,Novo Santo Antônio,"1,94"
TO,Oliveira de Fátima,"1,94"
AL,Olivença,"1,94"
MG,Orizânia,"1,94"
TO,Paraíso do Tocantins,"1,94"
RJ,Parati,"1,94"
RO,Parecis,"1,94"
AM,Parintins,"1,94"
PE,Parnamirim,"1,94"
PA,Pau D'Arco,"1,94"
PE,Paudalho,"1,94"
AM,Pauini,"1,94"
AP,Pedra Branca do Amapari,"1,94"
SC,Pedras Grandes,"1,94"
MA,Peritoró,"1,94"
PI,Picos,"1,94"
RN,Pilões,"1,94"
RO,Pimenta Bueno,"1,94"
RJ,Pinheiral,"1,94"
MA,Pirapemas,"1,94"
SP,Planalto,"1,94"
MT,Porto Esperidião,"1,94"
TO,Porto Nacional,"1,94"
AC,Porto Walter,"1,94"
MT,Poxoréo,"1,94"
MA,Presidente Sarney,"1,94"
PR,Quedas do Iguaçu,"1,94"
RN,Rafael Godeiro,"1,94"
PR,Realeza,"1,94"
TO,Recursolândia,"1,94"
MG,Ressaquinha,"1,94"
RN,Riachuelo,"1,94"
PE,Ribeirão,"1,94"
SP,Ribeirão Bonito,"1,94"
AM,Rio Preto da Eva,"1,94"
AC,Rodrigues Alves,"1,94"
RO,Rolim de Moura,"1,94"
GO,Rubiataba,"1,94"
PA,Rurópolis,"1,94"
MG,Sacramento,"1,94"
PR,Salgado Filho,"1,94"
PA,Salinópolis,"1,94"
PE,Saloá,"1,94"
PR,Salto do Lontra,"1,94"
GO,Santa Cruz de Goiás,"1,94"
MG,Santa Cruz de Salinas,"1,94"
PA,Santa Cruz do Arari,"1,94"
TO,Santa Fé do Araguaia,"1,94"
GO,Santa Rita do Novo Destino,"1,94"
SP,Santa Rita d'Oeste,"1,94"
AC,Santa Rosa do Purus,"1,94"
SC,Santa Rosa do Sul,"1,94"
TO,Santa Terezinha do Tocantins,"1,94"
CE,Santana do Acaraú,"1,94"
AL,Santana do Mundaú,"1,94"
PI,Santana do Piauí,"1,94"
PA,Santarém Novo,"1,94"
PE,São Benedito do Sul,"1,94"
PI,São Braz do Piauí,"1,94"
GO,São Francisco de Goiás,"1,94"
AM,São Gabriel da Cachoeira,"1,94"
RJ,São Gonçalo,"1,94"
PA,São João de Pirabas,"1,94"
PA,São João do Araguaia,"1,94"
PI,São José do Peixe,"1,94"
GO,São Luís de Montes Belos,"1,94"
GO,São Miguel do Araguaia,"1,94"
SC,São Pedro de Alcântara,"1,94"
MG,São Roque de Minas,"1,94"
AM,São Sebastião do Uatumã,"1,94"
MG,São Tiago,"1,94"
AC,Sena Madureira,"1,94"
AC,Senador Guiomard,"1,94"
AL,Senador Rui Palmeira,"1,94"
MT,Serra Nova Dourada,"1,94"
GO,Serranópolis,"1,94"
MG,Serranos,"1,94"
GO,Silvânia,"1,94"
TO,Sítio Novo do Tocantins,"1,94"
TO,Taguatinga,"1,94"
AM,Tapauá,"1,94"
MG,Tapira,"1,94"
AC,Tarauacá,"1,94"
RS,Tavares,"1,94"
SE,Tomar do Geru,"1,94"
AM,Tonantins,"1,94"
AL,Traipu,"1,94"
MA,Turiaçu,"1,94"
AM,Uarini,"1,94"
CE,Ubajara,"1,94"
RR,Uiramutã,"1,94"
MG,Unaí,"1,94"
AM,Urucará,"1,94"
AM,Urucurituba,"1,94"
MG,Varzelândia,"1,94"
PR,Ventania,"1,94"
GO,Vianópolis,"1,94"
RS,Vicente Dutra,"1,94"
RS,Vila Nova do Sul,"1,94"
RS,Vista Alegre,"1,94"
AC,Xapuri,"1,94"
MS,Alcinópolis,"1,80"
MS,Bodoquena,"1,80"
MG,Conceição dos Ouros,"1,80"
SP,Glicério,"1,80"
MT,Lucas do Rio Verde,"1,80"
RJ,Macuco,"1,80"
PR,Missal,"1,80"
BA,Nilo Peçanha,"1,80"
RS,Nova Prata,"1,80"
RN,Olho-d'Agua do Borges,"1,80"
MG,Pedralva,"1,80"
MT,Reserva do Cabaçal,"1,80"
PE,Tamandaré,"1,80"
BA,Tanquinho,"1,80"
BA,Valente,"1,80"
PA,Floresta do Araguaia,"1,66"
PR,Formosa do Oeste,"1,66"
MG,Matias Barbosa,"1,66"
AL,Viçosa,"1,66"
MT,Cocalinho,"1,52"
AC,Manoel Urbano,"1,39"
TO,Miracema do Tocantins,"1,39"
PR,Nova Aliança do Ivaí,"1,39"
AL,Novo Lino,"1,39"
MG,Abadia dos Dourados,"1,38"
CE,Abaiara,"1,38"
PR,Abatiá,"1,38"
PA,Abel Figueiredo,"1,38"
GO,Alexânia,"1,38"
RO,Alta Floresta D'Oeste,"1,38"
SP,Araçariguama,"1,38"
MG,Arinos,"1,38"
PI,Aroazes,"1,38"
RS,Arroio dos Ratos,"1,38"
PA,Bannach,"1,38"
PI,Barra D'Alcântara,"1,38"
PE,Barra de Guabiraba,"1,38"
ES,Barra de São Francisco,"1,38"
PE,Betânia,"1,38"
PR,Boa Esperança,"1,38"
PI,Bocaina,"1,38"
GO,Bom Jesus de Goiás,"1,38"
MG,Brasília de Minas,"1,38"
MG,Buritis,"1,38"
RO,Cabixi,"1,38"
AL,Cajueiro,"1,38"
GO,Caldas Novas,"1,38"
RJ,Cambuci,"1,38"
GO,Campestre de Goiás,"1,38"
AL,Campo Alegre,"1,38"
RR,Caracaraí,"1,38"
MS,Caracol,"1,38"
MG,Cedro do Abaeté,"1,38"
GO,Cezarina,"1,38"
RS,Charqueadas,"1,38"
GO,Cocalzinho de Goiás,"1,38"
SP,Conchal,"1,38"
MG,Corinto,"1,38"
MG,Coromandel,"1,38"
CE,Cruz,"1,38"
TO,Dianópolis,"1,38"
MG,Diogo de Vasconcelos,"1,38"
PI,Dirceu Arcoverde,"1,38"
PI,Dom Inocêncio,"1,38"
MA,Dom Pedro,"1,38"
PR,Doutor Camargo,"1,38"
TO,Esperantina,"1,38"
MG,Estiva,"1,38"
SP,Estiva Gerbi,"1,38"
PI,Fartura do Piauí,"1,38"
PR,Faxinal,"1,38"
AC,Feijó,"1,38"
MS,Figueirão,"1,38"
RN,Florânia,"1,38"
PI,Flores do Piauí,"1,38"
SP,Francisco Morato,"1,38"
MG,Fronteira dos Vales,"1,38"
MT,Gaúcha do Norte,"1,38"
MA,Gonçalves Dias,"1,38"
MA,Governador Edison Lobão,"1,38"
MG,Grão Mogol,"1,38"
ES,Guaçuí,"1,38"
PI,Guaribas,"1,38"
RS,Harmonia,"1,38"
CE,Ibicuitinga,"1,38"
ES,Ibitirama,"1,38"
SP,Indiana,"1,38"
PR,Ipiranga,"1,38"
TO,Ipueiras,"1,38"
RR,Iracema,"1,38"
MA,Itaipava do Grajaú,"1,38"
SP,Itatinga,"1,38"
SP,Ituverava,"1,38"
AL,Japaratinga,"1,38"
AL,Joaquim Gomes,"1,38"
GO,Joviânia,"1,38"
AL,Jundiá,"1,38"
BA,Laje,"1,38"
SP,Leme,"1,38"
SP,Maracaí,"1,38"
AL,Maribondo,"1,38"
SP,Martinópolis,"1,38"
AL,Matriz de Camaragibe,"1,38"
RJ,Miguel Pereira,"1,38"
SP,Miracatu,"1,38"
RJ,Miracema,"1,38"
MA,Montes Altos,"1,38"
ES,Mucurici,"1,38"
MG,Muriaé,"1,38"
PI,Murici dos Portelas,"1,38"
BA,Mutuípe,"1,38"
PI,Nossa Senhora dos Remédios,"1,38"
MS,Nova Alvorada do Sul,"1,38"
GO,Nova Aurora,"1,38"
RN,Nova Cruz,"1,38"
TO,Novo Jardim,"1,38"
PA,Novo Repartimento,"1,38"
AL,Olho d'Agua Grande,"1,38"
GO,Ouro Verde de Goiás,"1,38"
PI,Padre Marcos,"1,38"
TO,Palmeirópolis,"1,38"
RS,Pantano Grande,"1,38"
PI,Paquetá,"1,38"
RN,Paraú,"1,38"
MA,Passagem Franca,"1,38"
PI,Patos do Piauí,"1,38"
PI,Pau D'Arco do Piauí,"1,38"
SE,Pedra Mole,"1,38"
PR,Perobal,"1,38"
AL,Piaçabuçu,"1,38"
SP,Pinhalzinho,"1,38"
AL,Piranhas,"1,38"
PR,Pitanga,"1,38"
BA,Planaltino,"1,38"
RN,Poço Branco,"1,38"
PA,Ponta de Pedras,"1,38"
AP,Pracuúba,"1,38"
BA,Prado,"1,38"
PB,Prata,"1,38"
RO,Presidente Médici,"1,38"
BA,Presidente Tancredo Neves,"1,38"
MG,Resplendor,"1,38"
BA,Rio do Antônio,"1,38"
MG,Romaria,"1,38"
RS,Rosário do Sul,"1,38"
SP,Rubiácea,"1,38"
SC,Salete,"1,38"
BA,Santa Brígida,"1,38"
MG,Santa Cruz de Minas,"1,38"
PR,Santa Mariana,"1,38"
MG,Santa Rita de Minas,"1,38"
SE,Santa Rosa de Lima,"1,38"
GO,Santa Tereza de Goiás,"1,38"
RJ,Santo Antônio de Pádua,"1,38"
MG,Santo Antônio do Grama,"1,38"
AL,São Brás,"1,38"
BA,São Domingos,"1,38"
PA,São Domingos do Araguaia,"1,38"
MT,São Félix do Araguaia,"1,38"
RO,São Francisco do Guaporé,"1,38"
MA,São Francisco do Maranhão,"1,38"
RN,São Gonçalo do Amarante,"1,38"
PE,São João,"1,38"
PE,São José da Coroa Grande,"1,38"
PI,São José do Divino,"1,38"
PI,São José do Piauí,"1,38"
SP,São Manuel,"1,38"
AL,São Miguel dos Campos,"1,38"
MG,São Pedro da União,"1,38"
PR,São Tomé,"1,38"
RO,Seringueiras,"1,38"
MS,Sete Quedas,"1,38"
SE,Simão Dias,"1,38"
MG,Tabuleiro,"1,38"
RN,Taipu,"1,38"
PR,Tamboara,"1,38"
PI,Tamboril do Piauí,"1,38"
SE,Telha,"1,38"
RN,Timbaúba dos Batistas,"1,38"
RS,Três Arroios,"1,38"
PE,Trindade,"1,38"
SP,Ubarana,"1,38"
BA,Umburanas,"1,38"
SP,Vargem Grande do Sul,"1,38"
GO,Varjão,"1,38"
PA,Xinguara,"1,38"
TO,Aurora do Tocantins,"1,25"
ES,Irupi,"1,25"
GO,Acreúna,"1,11"
CE,Alto Santo,"1,11"
RS,Amaral Ferrador,"1,11"
MA,Anajatuba,"1,11"
RN,Antônio Martins,"1,11"
MA,Apicum-Açu,"1,11"
MA,Araguanã,"1,11"
MG,Baependi,"1,11"
MA,Boa Vista do Gurupi,"1,11"
MA,Cachoeira Grande,"1,11"
AL,Cacimbinhas,"1,11"
MA,Centro do Guilherme,"1,11"
CE,Chorozinho,"1,11"
AL,Colônia Leopoldina,"1,11"
AL,Coqueiro Seco,"1,11"
BA,Filadélfia,"1,11"
MA,Fortuna,"1,11"
MA,Governador Nunes Freire,"1,11"
MA,Graça Aranha,"1,11"
SP,Ipuã,"1,11"
MA,Jenipapo dos Vieiras,"1,11"
MA,Junco do Maranhão,"1,11"
MA,Lago do Junco,"1,11"
MA,Loreto,"1,11"
MA,Luís Domingues,"1,11"
MA,Maranhãozinho,"1,11"
MA,Milagres do Maranhão,"1,11"
MA,Nova Colinas,"1,11"
MA,Nova Olinda do Maranhão,"1,11"
RS,Novo Barreiro,"1,11"
BA,Pedro Alexandre,"1,11"
MS,Rio Negro,"1,11"
MA,São João do Soter,"1,11"
MG,São João Nepomuceno,"1,11"
MG,Serra Azul de Minas,"1,11"
MG,Silvianópolis,"1,11"
BA,Souto Soares,"1,11"
PR,Terra Roxa,"1,11"
MA,Tufilândia,"1,11"
MA,Tuntum,"1,11"
MA,Turilândia,"1,11"
RN,Bento Fernandes,"0,83"
SE,Maruim,"0,83"
BA,Tremedal,"0,83"
CE,Carnaubal,"0,69"
BA,Potiraguá,"0,69"
PE,Araçoiaba,"0,56"
PA,Acará,"0,55"
BA,Belo Campo,"0,55"
MG,Bom Jesus da Penha,"0,55"
TO,Buriti do Tocantins,"0,55"
RS,Campo Bom,"0,55"
RN,Currais Novos,"0,55"
ES,Divino de São Lourenço,"0,55"
AL,Girau do Ponciano,"0,55"
RS,Riozinho,"0,55"
RJ,Saquarema,"0,55"
PE,Abreu e Lima,"0,00"
MT,Acorizal,"0,00"
AC,Acrelândia,"0,00"
GO,Adelândia,"0,00"
SP,Adolfo,"0,00"
PE,Afrânio,"0,00"
AL,Agua Branca,"0,00"
GO,Agua Fria de Goiás,"0,00"
PR,Agudos do Sul,"0,00"
MG,Alagoa,"0,00"
SP,Alfredo Marcondes,"0,00"
MG,Alfredo Vasconcelos,"0,00"
PA,Altamira,"0,00"
PR,Altamira do Paraná,"0,00"
MA,Alto Alegre do Maranhão,"0,00"
MT,Alto Paraguai,"0,00"
PR,Altônia,"0,00"
AP,Amapá,"0,00"
PR,Amaporã,"0,00"
RS,Ametista do Sul,"0,00"
SE,Amparo de São Francisco,"0,00"
TO,Ananás,"0,00"
BA,Andaraí,"0,00"
MG,Angelândia,"0,00"
BA,Anguera,"0,00"
BA,Antônio Gonçalves,"0,00"
MS,Antônio João,"0,00"
ES,Apiacá,"0,00"
PR,Apucarana,"0,00"
RS,Arambaré,"0,00"
SP,Arandu,"0,00"
RJ,Areal,"0,00"
CE,Arneiroz,"0,00"
CE,Assaré,"0,00"
TO,Augustinópolis,"0,00"
PA,Aveiro,"0,00"
MA,Axixá,"0,00"
MA,Bacabal,"0,00"
BA,Baianópolis,"0,00"
MA,Balsas,"0,00"
PA,Barcarena,"0,00"
RN,Barcelona,"0,00"
BA,Barra do Choça,"0,00"
RJ,Barra Mansa,"0,00"
BA,Barrocas,"0,00"
MS,Batayporã,"0,00"
CE,Baturité,"0,00"
MA,BelAgua,"0,00"
SP,Bertioga,"0,00"
PA,bidos,"0,00"
PR,Bocaiúva do Sul,"0,00"
SC,Bom Jardim da Serra,"0,00"
BA,Bom Jesus da Lapa,"0,00"
RS,Bom Princípio,"0,00"
GO,Bonfinópolis,"0,00"
MG,Bonfinópolis de Minas,"0,00"
MS,Bonito,"0,00"
MG,Bonito de Minas,"0,00"
MG,Borda da Mata,"0,00"
MG,Botumirim,"0,00"
RN,Brejinho,"0,00"
PE,Brejo da Madre de Deus,"0,00"
PA,Brejo Grande do Araguaia,"0,00"
MG,Bugre,"0,00"
PA,Bujaru,"0,00"
GO,Buriti de Goiás,"0,00"
RJ,Cabo Frio,"0,00"
GO,Cachoeira Alta,"0,00"
GO,Cachoeira Dourada,"0,00"
MG,Cachoeira Dourada,"0,00"
BA,Caetité,"0,00"
SP,Cafelândia,"0,00"
BA,Caldeirão Grande,"0,00"
BA,Camaçari,"0,00"
RS,Camaquã,"0,00"
PE,Camaragibe,"0,00"
MG,Cambuquira,"0,00"
MA,Campestre do Maranhão,"0,00"
SP,Campina do Monte Alegre,"0,00"
BA,Campo Formoso,"0,00"
CE,Campos Sales,"0,00"
MG,Canaã,"0,00"
AL,Canapi,"0,00"
BA,Canápolis,"0,00"
SP,Cândido Mota,"0,00"
SE,Canindé de São Francisco,"0,00"
BA,Cansanção,"0,00"
RR,Cantá,"0,00"
PR,Cantagalo,"0,00"
MA,Cantanhede,"0,00"
SE,Capela,"0,00"
MA,Capinzal do Norte,"0,00"
AC,Capixaba,"0,00"
MG,Caranaíba,"0,00"
RN,Caraúbas,"0,00"
SE,Carira,"0,00"
RJ,Carmo,"0,00"
RR,Caroebe,"0,00"
MA,Carutapera,"0,00"
CE,Cascavel,"0,00"
PE,Casinhas,"0,00"
GO,Castelândia,"0,00"
ES,Castelo,"0,00"
PE,Catende,"0,00"
BA,Catolândia,"0,00"
MG,Caxambu,"0,00"
MA,Central do Maranhão,"0,00"
PR,Cerro Azul,"0,00"
TO,Chapada de Areia,"0,00"
CE,Chaval,"0,00"
RO,Chupinguaia,"0,00"
GO,Cidade Ocidental,"0,00"
MG,Claro dos Poções,"0,00"
MA,Coelho Neto,"0,00"
PA,Colares,"0,00"
MA,Colinas,"0,00"
GO,Colinas do Sul,"0,00"
TO,Combinado,"0,00"
MG,Comendador Gomes,"0,00"
BA,Conde,"0,00"
RJ,Cordeiro,"0,00"
BA,Coribe,"0,00"
MG,Coronel Pacheco,"0,00"
MG,Couto de Magalhães de Minas,"0,00"
CE,Crato,"0,00"
PE,Cumaru,"0,00"
BA,Curaçá,"0,00"
AP,Cutias,"0,00"
GO,Damianópolis,"0,00"
MG,Descoberto,"0,00"
BA,Dias d'Ávila,"0,00"
BA,Dom Macedo Costa,"0,00"
RS,Dom Pedro de Alcântara,"0,00"
MS,Dourados,"0,00"
MG,Durandé,"0,00"
ES,Ecoporanga,"0,00"
SP,Elisiário,"0,00"
MG,Engenheiro Navarro,"0,00"
RS,Engenho Velho,"0,00"
RS,Erval Seco,"0,00"
RN,Espírito Santo,"0,00"
MA,Estreito,"0,00"
BA,Feira da Mata,"0,00"
RN,Felipe Guerra,"0,00"
MG,Felisburgo,"0,00"
RN,Fernando Pedroza,"0,00"
SP,Ferraz de Vasconcelos,"0,00"
BA,Formosa do Rio Preto,"0,00"
MG,Fortaleza de Minas,"0,00"
TO,Fortaleza do Tabocão,"0,00"
MA,Fortaleza dos Nogueiras,"0,00"
PR,Foz do Jordão,"0,00"
MG,Francisco Dumont,"0,00"
MG,Franciscópolis,"0,00"
PE,Frei Miguelinho,"0,00"
SE,Frei Paulo,"0,00"
SP,Gabriel Monteiro,"0,00"
MG,Galiléia,"0,00"
RN,Galinhos,"0,00"
SE,Gararu,"0,00"
MT,General Carneiro,"0,00"
CE,General Sampaio,"0,00"
MS,Glória de Dourados,"0,00"
MA,Godofredo Viana,"0,00"
MG,Goianá,"0,00"
RN,Goianinha,"0,00"
TO,Goiatins,"0,00"
CE,Granjeiro,"0,00"
RN,Grossos,"0,00"
CE,Guaiúba,"0,00"
RO,Guajará-Mirim,"0,00"
RJ,Guapimirim,"0,00"
MG,Guarani,"0,00"
MG,Guiricema,"0,00"
PA,Gurupá,"0,00"
GO,Heitoraí,"0,00"
BA,Heliópolis,"0,00"
PE,Ibimirim,"0,00"
BA,Ibirapuã,"0,00"
MG,Ibitiúra de Minas,"0,00"
SP,Ibiúna,"0,00"
CE,Icapuí,"0,00"
CE,Icó,"0,00"
BA,Igaporã,"0,00"
MA,Igarapé Grande,"0,00"
MS,Iguatemi,"0,00"
SP,Ilha Comprida,"0,00"
PR,Inajá,"0,00"
PR,Indianópolis,"0,00"
PA,Inhangapi,"0,00"
AL,Inhapi,"0,00"
MG,Inimutaba,"0,00"
CE,Ipu,"0,00"
SE,Itabi,"0,00"
BA,Itagi,"0,00"
BA,Itagimirim,"0,00"
BA,Itaguaçu da Bahia,"0,00"
PE,Itaíba,"0,00"
CE,Itaiçaba,"0,00"
CE,Itaitinga,"0,00"
PR,Itambaracá,"0,00"
BA,Itapebi,"0,00"
ES,Itapemirim,"0,00"
SP,Itapevi,"0,00"
CE,Itapipoca,"0,00"
SP,Itapirapuã Paulista,"0,00"
PE,Itapissuma,"0,00"
PE,Itaquitinga,"0,00"
BA,Itarantim,"0,00"
SP,Jaborandi,"0,00"
PA,Jacundá,"0,00"
RS,Jaguarão,"0,00"
RN,Jandaíra,"0,00"
MG,Januária,"0,00"
RN,Januário Cicco,"0,00"
SE,Japaratuba,"0,00"
PR,Japurá,"0,00"
PE,Jaqueira,"0,00"
RN,Jardim de Angicos,"0,00"
RN,Jardim de Piranhas,"0,00"
PR,Jardim Olinda,"0,00"
MG,Jequeri,"0,00"
AL,Jequiá da Praia,"0,00"
MG,Jesuânia,"0,00"
RN,João Câmara,"0,00"
ES,João Neiva,"0,00"
MG,Joaquim Felício,"0,00"
PR,Joaquim Távora,"0,00"
RN,José da Penha,"0,00"
MG,José Gonçalves de Minas,"0,00"
MA,Joselândia,"0,00"
BA,Jucuruçu,"0,00"
RN,Jundiá,"0,00"
AL,Junqueiro,"0,00"
PE,Jupi,"0,00"
PE,Jurema,"0,00"
MA,Lago Verde,"0,00"
RN,Lagoa de Velhos,"0,00"
TO,Lagoa do Tocantins,"0,00"
MS,Laguna Carapã,"0,00"
BA,Lajedo do Tabocal,"0,00"
AP,Laranjal do Jari,"0,00"
BA,Lençóis,"0,00"
GO,Leopoldo de Bulhões,"0,00"
MG,Liberdade,"0,00"
BA,Licínio de Almeida,"0,00"
SP,Lucélia,"0,00"
RN,Lucrécia,"0,00"
GO,Luziânia,"0,00"
BA,Macajuba,"0,00"
PA,Magalhães Barata,"0,00"
MA,Maracaçumé,"0,00"
MA,Marajá do Sena,"0,00"
CE,Maranguape,"0,00"
PA,Marapanim,"0,00"
RN,Marcelino Vieira,"0,00"
BA,Marcionílio Souza,"0,00"
AC,Marechal Thaumaturgo,"0,00"
PR,Maria Helena,"0,00"
PR,Marilena,"0,00"
PR,Marmeleiro,"0,00"
PR,Marquinho,"0,00"
CE,Martinópole,"0,00"
RN,Martins,"0,00"
PR,Marumbi,"0,00"
PB,Maturéia,"0,00"
BA,Medeiros Neto,"0,00"
RJ,Mendes,"0,00"
SP,Miguelópolis,"0,00"
MG,Minas Novas,"0,00"
MA,Mirador,"0,00"
MA,Mirinzal,"0,00"
MG,Moeda,"0,00"
MA,Monção,"0,00"
MG,Montalvânia,"0,00"
RN,Montanhas,"0,00"
RN,Monte das Gameleiras,"0,00"
MG,Monte Sião,"0,00"
MG,Montezuma,"0,00"
PR,Moreira Sales,"0,00"
PR,Morretes,"0,00"
CE,Morrinhos,"0,00"
MS,Mundo Novo,"0,00"
BA,Muquém de São Francisco,"0,00"
BA,Nazaré,"0,00"
PE,Nazaré da Mata,"0,00"
AM,Nhamundá,"0,00"
MA,Nina Rodrigues,"0,00"
SE,Nossa Senhora Aparecida,"0,00"
PR,Nossa Senhora das Graças,"0,00"
SE,Nossa Senhora de Lourdes,"0,00"
BA,Nova Canaã,"0,00"
GO,Nova Iguaçu de Goiás,"0,00"
MA,Nova Iorque,"0,00"
RS,Nova Santa Rita,"0,00"
PA,Nova Timboteua,"0,00"
TO,Novo Alegre,"0,00"
SP,Ocauçu,"0,00"
AP,Oiapoque,"0,00"
AL,Olho d'Agua das Flores,"0,00"
AL,Olho d'Agua do Casado,"0,00"
MG,Olhos-d'Agua,"0,00"
SP,Osvaldo Cruz,"0,00"
PA,Ourilândia do Norte,"0,00"
AL,Ouro Branco,"0,00"
PA,Pacajá,"0,00"
MG,Paiva,"0,00"
PR,Palmital,"0,00"
SP,Panorama,"0,00"
AL,Pão de Açúcar,"0,00"
RJ,Paracambi,"0,00"
MA,Paraibano,"0,00"
CE,Parambu,"0,00"
PR,Paranapoema,"0,00"
BA,Paratinga,"0,00"
AL,Paripueira,"0,00"
RN,Passagem,"0,00"
RJ,Paty do Alferes,"0,00"
RN,Pau dos Ferros,"0,00"
MG,Paulistas,"0,00"
BA,Pé de Serra,"0,00"
RN,Pedra Preta,"0,00"
SE,Pedrinhas,"0,00"
RN,Pedro Avelino,"0,00"
ES,Pedro Canário,"0,00"
SC,Pescaria Brava,"0,00"
PA,Piçarra,"0,00"
MG,Pimenta,"0,00"
CE,Pindoretama,"0,00"
SE,Pinhão,"0,00"
MG,Pintópolis,"0,00"
AC,Plácido de Castro,"0,00"
SE,Poço Verde,"0,00"
ES,Ponto Belo,"0,00"
RN,Portalegre,"0,00"
MG,Porteirinha,"0,00"
AC,Porto Acre,"0,00"
PR,Porto Amazonas,"0,00"
SE,Porto da Folha,"0,00"
AL,Porto de Pedras,"0,00"
AP,Porto Grande,"0,00"
MS,Porto Murtinho,"0,00"
CE,Potiretama,"0,00"
RN,Pureza,"0,00"
PR,Quitandinha,"0,00"
RN,Rafael Fernandes,"0,00"
PR,Rancho Alegre D'Oeste,"0,00"
PA,Redenção,"0,00"
SP,Redenção da Serra,"0,00"
PR,Reserva do Iguaçu,"0,00"
RN,Riacho de Santana,"0,00"
SP,Ribeira,"0,00"
BA,Ribeira do Pombal,"0,00"
SP,Ribeirão Corrente,"0,00"
SE,Ribeirópolis,"0,00"
ES,Rio Bananal,"0,00"
RN,Rio do Fogo,"0,00"
MG,Rio Espera,"0,00"
MG,Rio Preto,"0,00"
GO,Rio Verde,"0,00"
RN,Rodolfo Fernandes,"0,00"
PR,Rondon,"0,00"
PA,Rondon do Pará,"0,00"
AL,Roteiro,"0,00"
SP,Sabino,"0,00"
SP,Sagres,"0,00"
MA,Sambaíba,"0,00"
GO,Santa Bárbara de Goiás,"0,00"
RS,Santa Clara do Sul,"0,00"
PR,Santa Cruz de Monte Castelo,"0,00"
BA,Santa Inês,"0,00"
MA,Santa Luzia,"0,00"
SE,Santa Luzia do Itanhy,"0,00"
AL,Santa Luzia do Norte,"0,00"
RJ,Santa Maria Madalena,"0,00"
MG,Santa Rita de Ibitipoca,"0,00"
TO,Santa Rita do Tocantins,"0,00"
SP,Santa Salete,"0,00"
BA,Santa Teresinha,"0,00"
PR,Santa Tereza do Oeste,"0,00"
BA,Santaluz,"0,00"
AP,Santana,"0,00"
SP,Santana de Parnaíba,"0,00"
PA,Santana do Araguaia,"0,00"
MG,Santana do Riacho,"0,00"
SE,Santana do São Francisco,"0,00"
PA,Santarém,"0,00"
BA,Santo Amaro,"0,00"
MG,Santo Antônio do Rio Abaixo,"0,00"
PR,Santo Antônio do Sudoeste,"0,00"
RN,São Bento do Norte,"0,00"
RN,São Bento do Trairí,"0,00"
PA,São Caetano de Odivelas,"0,00"
MA,São Domingos do Azeitão,"0,00"
PA,São Domingos do Capim,"0,00"
RO,São Felipe D'Oeste,"0,00"
BA,São Félix do Coribe,"0,00"
RN,São Fernando,"0,00"
RJ,São Francisco de Itabapoana,"0,00"
RN,São Francisco do Oeste,"0,00"
PA,São Francisco do Pará,"0,00"
RS,São Gabriel,"0,00"
PA,São Geraldo do Araguaia,"0,00"
MG,São João Batista do Glória,"0,00"
RR,São João da Baliza,"0,00"
RJ,São João da Barra,"0,00"
PA,São João da Ponta,"0,00"
MG,São João das Missões,"0,00"
MA,São João do Carú,"0,00"
PR,São Jorge d'Oeste,"0,00"
MG,São José da Lapa,"0,00"
RN,São José do Campestre,"0,00"
RS,São José do Sul,"0,00"
PR,São José dos Pinhais,"0,00"
MA,São Mateus do Maranhão,"0,00"
RN,São Miguel,"0,00"
SP,São Miguel Arcanjo,"0,00"
RN,São Miguel do Gostoso,"0,00"
RN,São Pedro,"0,00"
AL,São Sebastião,"0,00"
RN,São Vicente,"0,00"
MG,São Vicente de Minas,"0,00"
PA,Sapucaia,"0,00"
PR,Saudade do Iguaçu,"0,00"
BA,Seabra,"0,00"
PI,Sebastião Leal,"0,00"
RN,Senador Elói de Souza,"0,00"
PA,Senador José Porfírio,"0,00"
MG,Serra da Saudade,"0,00"
RN,Serra de São Bento,"0,00"
MG,Serra do Salitre,"0,00"
MG,Serrania,"0,00"
PE,Serrita,"0,00"
PR,Sertaneja,"0,00"
RN,Severiano Melo,"0,00"
MG,Silveirânia,"0,00"
PE,Sirinhaém,"0,00"
BA,Sítio do Quinto,"0,00"
RN,Sítio Novo,"0,00"
BA,Sobradinho,"0,00"
MS,Sonora,"0,00"
ES,Sooretama,"0,00"
PR,Tamarana,"0,00"
RN,Tangará,"0,00"
PI,Tanque do Piauí,"0,00"
RS,Taquara,"0,00"
SP,Taquarivaí,"0,00"
AP,Tartarugalzinho,"0,00"
SP,Tarumã,"0,00"
CE,Tejuçuoca,"0,00"
RN,Tenente Laurentino Cruz,"0,00"
PA,Terra Alta,"0,00"
BA,Terra Nova,"0,00"
RN,Tibau,"0,00"
MT,Torixoréu,"0,00"
RN,Touros,"0,00"
PA,Tracuateua,"0,00"
RJ,Trajano de Morais,"0,00"
MG,Ubaporanga,"0,00"
CE,Umirim,"0,00"
RS,União da Serra,"0,00"
PA,Uruará,"0,00"
BA,Uruçuca,"0,00"
RO,Vale do Paraíso,"0,00"
RS,Vale Verde,"0,00"
MA,Vargem Grande,"0,00"
MG,Varjão de Minas,"0,00"
BA,Várzea do Poço,"0,00"
RN,Vera Cruz,"0,00"
MA,Viana,"0,00"
GO,Vicentinópolis,"0,00"
PA,Vigia,"0,00"
ES,Vila Valério,"0,00"
RO,Vilhena,"0,00"
MG,Virgínia,"0,00"
PE,Vitória de Santo Antão,"0,00"
AP,Vitória do Jari,"0,00"
PA,Vitória do Xingu,"0,00"
BA,Wagner,"0,00"
BA,Wenceslau Guimarães,"0,00"
RS,Xangri-lá,"0,00"
